city,police_force_size,all,white,non-white,black,hispanic,asian
New York,32300,0.617956656,0.446386555,0.764418938,0.770891365,0.762860728,0.749235474
Chicago,12120,0.875,0.871962617,0.877400295,0.89740566,0.83982684,0.966666667
Los Angeles,10100,0.228217822,0.152777778,0.263848397,0.387387387,0.217679558,0.305263158
Washington,9340,0.115631692,0.056774194,0.15736505,0.170189099,0.08988764,0.230769231
Houston,7700,0.292207792,0.17373461,0.399258344,0.36637931,0.457142857,0.408163265
